"","X","Show","Aggregated","pathway","gs_number","gs_description","pval","padj","log2err","ES","NES","size","leadingEdge"
"1","1","","Adhesion","GOBP_CELL_CELL_ADHESION","GO:0098609","The attachment of one cell to another cell via adhesion molecules. [GOC:dos]","9.98335585276184e-05","0.00765429765793516","0.538434096309916","0.298801296840055","1.31297322863705","710","c(""CBLB"", ""ETS1"", ""FYN"", ""SKAP1"", ""ANK3"", ""CD2"", ""RHOH"", ""RASGRP1"", ""DPP4"", ""KLRK1"", ""RUNX3"", ""IL7R"", ""CD6"", ""PTPRC"", ""LCK"", ""EMB"", ""PRKCQ"", ""CARD11"", ""TESPA1"", ""ZAP70"", ""CYFIP2"", ""ITGA4"", ""RIPOR2"", ""SLAMF1"", ""ICOS"", ""CD47"", ""JAK1"", ""GATA3"", ""TIGIT"", ""SIRPG"", ""ITGA1"", ""ADAM19"", ""TNFSF14"", ""SEMA4D"", ""CCL5"", ""AKNA"", ""ITGAL"", ""CD28"", ""PRKCZ"", ""YES1"", ""ICAM2"", ""IRF1"", ""CLSTN3"", ""PTPN22"", ""ADA"", ""BLK"", ""HLA-E"", ""ITGB1"", ""LEF1"", ""JAML"", ""GLMN"", ""CD44"", ""MYH9"", ""SOX12"", ""AMIGO2"", ""OBSCN"", ""RASAL3"", ""BCL2"", 
""SELL"", ""TSPAN32"", ""DLG1"", ""CRTAM"", ""METAP1"", ""XG"", ""ANXA9"", ""PIK3CG"", ""CEACAM6"", ""CD70"", ""LAX1"", ""WNK1"", ""DSG3"", ""FAT2"", ""TRIM29"", ""SPN"", ""UMOD"", ""NECTIN1"", ""RC3H2"", ""STAT5B"", ""KIFAP3"", ""PODXL2"", ""COL13A1"", ""NDFIP1"", ""FBLIM1"", ""NECTIN3"", ""WNT7B"", ""SCRIB"", ""CCL28"", ""TMEM131L"", ""TMIGD2"", ""ITGA6"", ""DNAJA3"", ""NOTCH4"", ""PTPRR"", ""CAV1"", ""SRPX2"", ""ADORA2A"", ""NINJ2"", ""CDHR1"", ""CELSR2"", ""MYB"", ""SOX13"", ""DENND6A"", ""TNF"", ""CLDN1"", ""MAG"", ""B2M"", ""DLG3"", ""NTNG2"", ""CLSTN2"", ""IGDCC3"", ""RET"", ""MDGA1"")"
"2","2","","Adhesion","GOBP_LEUKOCYTE_CELL_CELL_ADHESION","GO:0007159","The attachment of a leukocyte to another cell via adhesion molecules. [GOC:go_curators]","5.30115673156151e-16","3.14069440178058e-13","1.02766987054358","0.466302259194929","1.98500803637251","297","c(""CBLB"", ""ETS1"", ""FYN"", ""SKAP1"", ""RHOH"", ""RASGRP1"", ""DPP4"", ""KLRK1"", ""RUNX3"", ""IL7R"", ""CD6"", ""PTPRC"", ""LCK"", ""PRKCQ"", ""CARD11"", ""TESPA1"", ""ZAP70"", ""ITGA4"", ""RIPOR2"", ""SLAMF1"", ""ICOS"", ""CD47"", ""GATA3"", ""TIGIT"", ""SIRPG"", ""TNFSF14"", ""SEMA4D"", ""CCL5"", ""ITGAL"", ""CD28"", ""PRKCZ"", ""YES1"", ""IRF1"", ""PTPN22"", ""ADA"", ""HLA-E"", ""ITGB1"", ""LEF1"", ""GLMN"", ""CD44"", ""SOX12"", ""RASAL3"", ""SELL"", ""DLG1"", ""CRTAM"", ""CD70"", ""LAX1"", ""WNK1"", ""SPN"", ""UMOD"", ""RC3H2"", ""STAT5B"", ""PODXL2"", ""NDFIP1"", ""SCRIB"", ""CCL28"", ""TMEM131L"", 
""TMIGD2"", ""DNAJA3"")"
"3","3","","Adhesion","GOBP_POSITIVE_REGULATION_OF_CELL_ADHESION","GO:0045785","Any process that activates or increases the frequency, rate or extent of cell adhesion. [GOC:go_curators]","2.77914697715617e-12","8.62461945244131e-10","0.898671232061694","0.411832875003767","1.764496914498","356","c(""ETS1"", ""FYN"", ""SKAP1"", ""ANK3"", ""RHOH"", ""RASGRP1"", ""DPP4"", ""KLRK1"", ""RUNX3"", ""IL7R"", ""STK4"", ""CD6"", ""PTPRC"", ""LCK"", ""PRKCQ"", ""CARD11"", ""TESPA1"", ""ZAP70"", ""SPOCK2"", ""ITGA4"", ""SLAMF1"", ""ICOS"", ""CD47"", ""JAK1"", ""GATA3"", ""SIRPG"", ""ADAM19"", ""TNFSF14"", ""CCL5"", ""CD28"", ""PRKCZ"", ""YES1"", ""NEDD9"", ""PTPN22"", ""ADA"", ""HLA-E"", ""LEF1"", ""CSF1"", ""CD44"", ""PPP3CA"", ""SOX12"", ""FOXC2"", ""RASAL3"")"
"4","4","","Adhesion","GOBP_POSITIVE_REGULATION_OF_CELL_CELL_ADHESION","GO:0022409","Any process that activates or increases the rate or extent of cell adhesion to another cell. [GOC:isa_complete]","7.79294840011331e-17","7.25523496050549e-14","1.05746357275086","0.501985229542781","2.11270326061218","231","c(""ETS1"", ""FYN"", ""SKAP1"", ""ANK3"", ""RHOH"", ""RASGRP1"", ""DPP4"", ""KLRK1"", ""RUNX3"", ""IL7R"", ""CD6"", ""PTPRC"", ""LCK"", ""PRKCQ"", ""CARD11"", ""TESPA1"", ""ZAP70"", ""ITGA4"", ""SLAMF1"", ""ICOS"", ""CD47"", ""JAK1"", ""GATA3"", ""SIRPG"", ""ADAM19"", ""TNFSF14"", ""CCL5"", ""CD28"", ""PRKCZ"", ""YES1"", ""PTPN22"", ""ADA"", ""HLA-E"", ""LEF1"", ""CD44"", ""SOX12"", ""RASAL3"", ""CEACAM6"", ""CD70"")"
"5","5","","Adhesion","GOBP_POSITIVE_REGULATION_OF_LEUKOCYTE_CELL_CELL_ADHESION","GO:1903039","Any process that activates or increases the frequency, rate or extent of leukocyte cell-cell adhesion. [GO_REF:0000058, GOC:BHF, GOC:rl, GOC:TermGenie, PMID:21106532]","7.03472336522243e-17","7.25523496050549e-14","1.05746357275086","0.528957828259198","2.20826409927416","195","c(""ETS1"", ""FYN"", ""SKAP1"", ""RHOH"", ""RASGRP1"", ""DPP4"", ""KLRK1"", ""RUNX3"", ""IL7R"", ""CD6"", ""PTPRC"", ""LCK"", ""PRKCQ"", ""CARD11"", ""TESPA1"", ""ZAP70"", ""ITGA4"", ""SLAMF1"", ""ICOS"", ""CD47"", ""GATA3"", ""SIRPG"", ""TNFSF14"", ""CCL5"", ""CD28"", ""PRKCZ"", ""YES1"", ""PTPN22"", ""ADA"", ""HLA-E"", ""LEF1"", ""CD44"", ""SOX12"", ""RASAL3"")"
"6","6","","Adhesion","GOBP_REGULATION_OF_CELL_ADHESION","GO:0030155","Any process that modulates the frequency, rate or extent of attachment of a cell to another cell or to the extracellular matrix. [GOC:mah]","4.61757514572697e-08","7.33969200602504e-06","0.719512826338911","0.335481994771467","1.46660751327606","608","c(""CBLB"", ""ETS1"", ""FYN"", ""SKAP1"", ""ANK3"", ""CASK"", ""RHOH"", ""RASGRP1"", ""DPP4"", ""KLRK1"", ""RUNX3"", ""IL7R"", ""STK4"", ""CD6"", ""PTPRC"", ""LCK"", ""PRKCQ"", ""CARD11"", ""TESPA1"", ""CYTIP"", ""ZAP70"", ""SPOCK2"", ""ITGA4"", ""RIPOR2"", ""SLAMF1"", ""ICOS"", ""CD47"", ""JAK1"", ""GATA3"", ""TIGIT"", ""SIRPG"", ""ADAM19"", ""TNFSF14"", ""SEMA4D"", ""CCL5"", ""AKNA"", ""CD28"", ""CXCR4"", ""PDE3B"", ""PRKCZ"", ""YES1"", ""NEDD9"", ""IRF1"", ""PTPN22"", ""ADA"", ""BLK"", ""HLA-E"", ""LEF1"", ""GLMN"", ""CSF1"", ""CD44"", ""PPP3CA"", ""SOX12"", ""FOXC2"", ""RASAL3"", ""BCL2"", ""LPXN"", ""BCAS3"", 
""DLG1"", ""CRTAM"", ""PIK3CG"", ""CEACAM6"", ""CD70"", ""LAX1"", ""WNK1"")"
"7","7","","Adhesion","GOBP_REGULATION_OF_CELL_CELL_ADHESION","GO:0022407","Any process that modulates the frequency, rate or extent of attachment of a cell to another cell. [GOC:isa_complete]","6.73259420819285e-13","2.19381582273964e-10","0.921426003494898","0.422949362789943","1.81285280505677","359","c(""CBLB"", ""ETS1"", ""FYN"", ""SKAP1"", ""ANK3"", ""RHOH"", ""RASGRP1"", ""DPP4"", ""KLRK1"", ""RUNX3"", ""IL7R"", ""CD6"", ""PTPRC"", ""LCK"", ""PRKCQ"", ""CARD11"", ""TESPA1"", ""ZAP70"", ""ITGA4"", ""RIPOR2"", ""SLAMF1"", ""ICOS"", ""CD47"", ""JAK1"", ""GATA3"", ""TIGIT"", ""SIRPG"", ""ADAM19"", ""TNFSF14"", ""CCL5"", ""AKNA"", ""CD28"", ""PRKCZ"", ""YES1"", ""IRF1"", ""PTPN22"", ""ADA"", ""BLK"", ""HLA-E"", ""LEF1"", ""GLMN"", ""CD44"", ""SOX12"", ""RASAL3"", ""DLG1"", ""CRTAM"", ""CEACAM6"", ""CD70"", ""LAX1"", ""WNK1"")"
"8","96","","Development (Cell cycle)","GOBP_LEUKOCYTE_PROLIFERATION","GO:0070661","The expansion of a leukocyte population by cell division. [GOC:add]","5.9174451804271e-07","7.87020208996805e-05","0.659444398037935","0.39026550797691","1.65134877406052","247","c(""CBLB"", ""FYN"", ""RASGRP1"", ""IKZF3"", ""IL7R"", ""CD6"", ""PTPRC"", ""PRKCQ"", ""CARD11"", ""ZAP70"", ""SLAMF1"", ""BTN3A1"", ""CCND3"", ""TNFSF14"", ""CCL5"", ""CD28"", ""IRF1"", ""PTPN22"", ""ADA"", ""BLK"", ""HLA-E"", ""LEF1"", ""GLMN"", ""CSF1"", ""TNFSF8"", ""MAPK1"", ""RASAL3"", ""BCL2"", ""DLG1"", ""CRTAM"", ""PIK3CG"", ""CD70"", ""SOS1"", ""SPN"", ""RC3H2"", ""TNFRSF13B"", ""STAT5B"", ""NDFIP1"", ""SCRIB"", ""RIPK3"", ""TMEM131L"", ""TMIGD2"", ""DNAJA3"")"
"9","113","","Development (Differentiation)","GOBP_IMMUNE_SYSTEM_DEVELOPMENT","GO:0002520","The process whose specific outcome is the progression of an organismal system whose objective is to provide calibrated responses by an organism to a potential internal or invasive threat, over time, from its formation to the mature structure. A system is a regularly interacting or interdependent group of organs or tissues that work together to carry out a given biological process. [GOC:add, GOC:dph]","3.57406806170517e-08","5.97235937388015e-06","0.719512826338911","0.325293412789053","1.43155417208634","759","c(""CBLB"", ""ETS1"", ""BCL11B"", ""THEMIS"", ""ITK"", ""CAMK4"", ""TOX"", ""SLAMF6"", ""CD2"", ""RHOH"", ""RASGRP1"", ""IKZF3"", ""RUNX3"", ""IL7R"", ""STK4"", ""PTPRC"", ""LCK"", ""CARD11"", ""TESPA1"", ""MLLT3"", ""ZAP70"", ""GPR171"", ""PIP4K2A"", ""ITGA4"", ""LY9"", ""ZEB1"", ""SLAMF1"", ""CD8A"", ""ICOS"", ""GATA3"", ""PIK3CD"", ""CASP8"", ""ITM2A"", ""TCF7"", ""BATF"", ""CD28"", ""PRKCZ"", ""IKZF1"", ""IRF1"", ""PTPN22"", ""ADA"", ""BLK"", ""CRACR2A"", ""HLA-E"", ""ITGB1"", ""SNRK"", ""LEF1"", ""CSF1"", ""DHX36"", ""MYH9"", ""FBXW7"", ""IRF4"", ""TNFSF8"", ""IL18R1"", ""LYAR"", ""SOX12"", ""MAPK1"", ""PBXIP1"", 
""BCL2"", ""CNN2"", ""NTRK1"", ""ZFPM1"", ""SFXN1"", ""FLT4"", ""RTKN2"", ""CRTAM"", ""UNG"", ""HLA-B"", ""TIPARP"", ""EVI2B"", ""BCR"", ""KLF13"", ""L3MBTL3"", ""SIRT1"", ""FLT3LG"", ""IL31RA"", ""SOS1"", ""RARG"", ""HOXB3"", ""ACP6"", ""HMCES"", ""SPN"", ""XKR8"", ""NBEAL2"", ""SOD1"", ""PLA2G10"", ""SLC25A38"", ""RC3H2"", ""TNFRSF13B"", ""TPD52"")"
"10","114","","Development (Differentiation)","GOBP_LEUKOCYTE_DIFFERENTIATION","GO:0002521","The process in which a relatively unspecialized hemopoietic precursor cell acquires the specialized features of a leukocyte. A leukocyte is an achromatic cell of the myeloid or lymphoid lineages capable of ameboid movement, found in blood or other tissue. [CL:0000738, GOC:add, PMID:16551264]","1.55105887405663e-09","3.26072602652486e-07","0.788186810800237","0.374416800559043","1.6162524790015","434","c(""BCL11B"", ""THEMIS"", ""ITK"", ""CAMK4"", ""TOX"", ""SLAMF6"", ""CD2"", ""RHOH"", ""RASGRP1"", ""IKZF3"", ""RUNX3"", ""IL7R"", ""PTPRC"", ""LCK"", ""CARD11"", ""TESPA1"", ""ZAP70"", ""ITGA4"", ""LY9"", ""ZEB1"", ""SLAMF1"", ""CD8A"", ""GATA3"", ""PIK3CD"", ""CASP8"", ""ITM2A"", ""TCF7"", ""BATF"", ""CD28"", ""PRKCZ"", ""IKZF1"", ""IRF1"", ""PTPN22"", ""ADA"", ""BLK"", ""CRACR2A"", ""ITGB1"", ""LEF1"", ""CSF1"", ""MYH9"", ""FBXW7"", ""IRF4"", ""TNFSF8"", ""IL18R1"", ""SOX12"", ""BCL2"", ""NTRK1"", ""ZFPM1"", ""CRTAM"", ""HLA-B"", ""EVI2B"", ""L3MBTL3"", ""SIRT1"", ""IL31RA"", ""SOS1"", ""SPN"", ""SOD1"", 
""RC3H2"", ""TPD52"", ""STAT5B"")"
"11","115","","Development (Differentiation)","GOBP_MONONUCLEAR_CELL_DIFFERENTIATION","GO:1903131","The process in which a relatively unspecialized cell acquires the specialized features of a mononuclear cell. [CL:0000842, GO_REF:0000086, GOC:TermGenie, PMID:24759906]","1.17485588581428e-13","4.50384459285393e-11","0.943632225232838","0.432174825229897","1.84899161053742","338","c(""BCL11B"", ""THEMIS"", ""ITK"", ""CAMK4"", ""TOX"", ""SLAMF6"", ""CD2"", ""RHOH"", ""RASGRP1"", ""IKZF3"", ""RUNX3"", ""IL7R"", ""PTPRC"", ""LCK"", ""CARD11"", ""TESPA1"", ""ZAP70"", ""ITGA4"", ""LY9"", ""ZEB1"", ""SLAMF1"", ""CD8A"", ""GATA3"", ""PIK3CD"", ""ITM2A"", ""TCF7"", ""BATF"", ""CD28"", ""PRKCZ"", ""IKZF1"", ""IRF1"", ""PTPN22"", ""ADA"", ""BLK"", ""CRACR2A"", ""ITGB1"", ""LEF1"", ""CSF1"", ""MYH9"", ""IRF4"", ""TNFSF8"", ""IL18R1"", ""SOX12"", ""BCL2"", ""NTRK1"", ""ZFPM1"", ""CRTAM"", ""HLA-B"", ""IL31RA"", ""SOS1"", ""SPN"", ""SOD1"", ""RC3H2"", ""TPD52"", ""STAT5B"")"
"12","129","","Development (Differentiation)","GOBP_REGULATION_OF_LEUKOCYTE_DIFFERENTIATION","GO:1902105","Any process that modulates the frequency, rate or extent of leukocyte differentiation. [GOC:add, GOC:TermGenie]","6.18698357636868e-06","0.00064000907884436","0.610526878385931","0.382248948390737","1.60810446920111","227","c(""CAMK4"", ""TOX"", ""CD2"", ""RHOH"", ""RASGRP1"", ""IKZF3"", ""RUNX3"", ""IL7R"", ""PTPRC"", ""CARD11"", ""TESPA1"", ""ZAP70"", ""ZEB1"", ""GATA3"", ""CASP8"", ""TCF7"", ""CD28"", ""PRKCZ"", ""IRF1"", ""ADA"", ""LEF1"", ""CSF1"", ""FBXW7"", ""IRF4"", ""SOX12"", ""ZFPM1"", ""CRTAM"", ""HLA-B"", ""EVI2B"", ""SOS1"", ""SOD1"", ""RC3H2"", ""STAT5B"", ""NDFIP1"")"
"13","188","","Immune","GOBP_ADAPTIVE_IMMUNE_RESPONSE","GO:0002250","An immune response mediated by cells expressing specific receptors for antigen produced through a somatic diversification process, and allowing for an enhanced secondary response to subsequent exposures to the same antigen (immunological memory). [GO_REF:0000022, GOC:add, ISBN:0781735149]","4.53158087576129e-14","1.96882083782242e-11","0.965327754226083","0.43117279060555","1.84486371910287","341","c(""THEMIS"", ""FYN"", ""SKAP1"", ""ITK"", ""CAMK4"", ""SLAMF6"", ""TRAT1"", ""KLRK1"", ""IL7R"", ""CD6"", ""PTPRC"", ""PRKCQ"", ""ZAP70"", ""RNF125"", ""LY9"", ""SLA2"", ""ERAP2"", ""SLAMF1"", ""CD8A"", ""BTN3A1"", ""TXK"", ""CD226"", ""GATA3"", ""BTN3A2"", ""PIK3CD"", ""BACH2"", ""TAP1"", ""BATF"", ""SLAMF7"", ""CD28"", ""MCOLN2"", ""PRKCZ"", ""RFTN1"", ""IRF1"", ""ADA"", ""CD8B2"", ""BTLA"", ""CRACR2A"", ""HLA-E"", ""LEF1"", ""CD244"", ""HLA-F"", ""IRF4"", ""IL18R1"", ""KLRD1"", ""CRTAM"", ""UNG"", ""HLA-B"", ""IL21R"", ""PIK3CG"", ""CD70"", ""LAX1"", ""SIRT1"", ""PHB"", ""HMCES"", ""SPN"", ""SH2D1B"")"
"14","191","","Immune","GOBP_ACTIVATION_OF_IMMUNE_RESPONSE","GO:0002253","Any process that initiates an immune response. [GO_REF:0000022, GOC:add, ISBN:0781735149]","1.42459287973514e-14","6.63147985516709e-12","0.97599468306432","0.467878103687559","1.98165463161441","259","c(""CBLB"", ""THEMIS"", ""FYN"", ""SKAP1"", ""ITK"", ""CD247"", ""PYHIN1"", ""PRKCH"", ""TRAT1"", ""KLRK1"", ""PTPRC"", ""LCK"", ""CARD11"", ""TESPA1"", ""ZAP70"", ""SLA2"", ""CD8A"", ""BTN3A1"", ""TXK"", ""UBASH3A"", ""CD226"", ""CD47"", ""GATA3"", ""BTN3A2"", ""PIK3CD"", ""CD28"", ""PLCG1"", ""CD8B"", ""YES1"", ""RFTN1"", ""PTPN22"", ""ADA"", ""BLK"", ""ZBP1"", ""MAPK1"", ""KLRD1"", ""BCL2"", ""LPXN"", ""PSPC1"", ""LAX1"", ""WNK1"", ""PHB"")"
"15","195","","Immune","GOBP_REGULATION_OF_IMMUNE_RESPONSE","GO:0050776","Any process that modulates the frequency, rate or extent of the immune response, the immunological reaction of an organism to an immunogenic stimulus. [GOC:ai]","1.51924256358766e-09","3.26072602652486e-07","0.788186810800237","0.34232992038166","1.50067957855209","650","c(""CBLB"", ""THEMIS"", ""FYN"", ""SKAP1"", ""ITK"", ""CD96"", ""CD247"", ""SLAMF6"", ""PYHIN1"", ""PRKCH"", ""RASGRP1"", ""TRAT1"", ""KLRK1"", ""IL7R"", ""PTPRC"", ""LCK"", ""PRKCQ"", ""CARD11"", ""TESPA1"", ""ZAP70"", ""RNF125"", ""SLA2"", ""SLAMF1"", ""CD8A"", ""BTN3A1"", ""GBP5"", ""TXK"", ""NLRC3"", ""UBASH3A"", ""CD226"", ""MAP2K6"", ""NLRC5"", ""CD47"", ""GATA3"", ""BTN3A2"", ""PIK3CD"", ""CCL5"", ""CASP8"", ""TNIP3"", ""CD28"", ""PLCG1"", ""CD8B"", ""PRKCZ"", ""YES1"", ""RFTN1"", ""IRF1"", ""PTPN22"", ""RPS6KA3"", ""ADA"", ""CD8B2"", ""BLK"", ""BTLA"", ""HLA-E"", ""IRGM"", ""ZBP1"", ""HLA-F"", ""CYLD"", 
""IRF4"", ""IL18R1"", ""LYAR"", ""MAPK1"", ""KLRD1"", ""BCL2"", ""LPXN"", ""PSPC1"", ""CRTAM"", ""HLA-B"", ""LAX1"", ""BCR"", ""WNK1"", ""LSM14A"", ""SIRT1"", ""PHB"", ""SOS1"", ""HMCES"", ""SPN"", ""SH2D1B"", ""STAP1"")"
"16","197","","Immune","GOBP_T_CELL_PROLIFERATION","GO:0042098","The expansion of a T cell population by cell division. Follows T cell activation. [GOC:jl]","5.04467285472318e-09","9.66945088065616e-07","0.761460801445585","0.460068374302885","1.90029540295605","163","c(""CBLB"", ""FYN"", ""RASGRP1"", ""CD6"", ""PTPRC"", ""PRKCQ"", ""CARD11"", ""ZAP70"", ""SLAMF1"", ""BTN3A1"", ""CCND3"", ""TNFSF14"", ""CCL5"", ""CD28"", ""IRF1"", ""PTPN22"", ""HLA-E"", ""GLMN"", ""TNFSF8"", ""RASAL3"", ""DLG1"", ""CRTAM"", ""PIK3CG"", ""CD70"", ""SOS1"", ""SPN"", ""RC3H2"", ""STAT5B"", ""NDFIP1"", ""SCRIB"", ""RIPK3"", ""TMEM131L"", ""TMIGD2"", ""DNAJA3"")"
"17","198","","Immune","GOBP_T_CELL_DIFFERENTIATION","GO:0030217","The process in which a precursor cell type acquires characteristics of a more mature T-cell. A T cell is a type of lymphocyte whose definin characteristic is the expression of a T cell receptor complex. [GO_REF:0000022, GOC:jid, GOC:mah]","2.19513213743538e-16","1.43056761396664e-13","1.04762648849882","0.512707171756778","2.14980890002773","209","c(""BCL11B"", ""THEMIS"", ""ITK"", ""CAMK4"", ""TOX"", ""SLAMF6"", ""CD2"", ""RHOH"", ""RASGRP1"", ""RUNX3"", ""IL7R"", ""PTPRC"", ""LCK"", ""CARD11"", ""TESPA1"", ""ZAP70"", ""LY9"", ""ZEB1"", ""CD8A"", ""GATA3"", ""PIK3CD"", ""TCF7"", ""BATF"", ""CD28"", ""PRKCZ"", ""IRF1"", ""PTPN22"", ""ADA"", ""CRACR2A"", ""LEF1"", ""IRF4"", ""TNFSF8"", ""IL18R1"", ""SOX12"", ""BCL2"", ""ZFPM1"", ""CRTAM"", ""SOS1"", ""SPN"", ""SOD1"", ""RC3H2"", ""STAT5B"")"
"18","202","","Inflammation","GOBP_IMMUNE_RESPONSE","GO:0006955","Any immune system process that functions in the calibrated response of an organism to a potential internal or invasive threat. [GO_REF:0000022, GOC:add]","1.29652858593884e-09","2.94936209093602e-07","0.788186810800237","0.312965877124955","1.38960080995471","1157","c(""CBLB"", ""ETS1"", ""THEMIS"", ""FYN"", ""SKAP1"", ""ITK"", ""CAMK4"", ""CD96"", ""CD247"", ""SLAMF6"", ""PYHIN1"", ""PRKCH"", ""RASGRP1"", ""TRAT1"", ""KLRK1"", ""IL7R"", ""CD6"", ""PTPRC"", ""LCK"", ""PRKCQ"", ""CARD11"", ""TESPA1"", ""ZAP70"", ""RNF125"", ""LY9"", ""SLA2"", ""ERAP2"", ""SLAMF1"", ""CD8A"", ""BTN3A1"", ""ICOS"", ""GBP5"", ""TXK"", ""NLRC3"", ""UBASH3A"", ""CD226"", ""MAP2K6"", ""NLRC5"", ""CD47"", ""SPON2"", ""JAK1"", ""GATA3"", ""BTN3A2"", ""OPTN"", ""PIK3CD"", ""TNFSF14"", ""ADGRE5"", ""APOBEC3D"", ""SEMA4D"", ""CCL5"", ""BACH2"", ""CASP8"", ""TAP1"", ""ITM2A"", ""TCF7"", ""BATF"", 
""ITGAL"", ""TNIP3"", ""SLAMF7"", ""CD28"", ""CXCR4"", ""PLCG1"", ""IL2RG"", ""MCOLN2"", ""CD8B"", ""PRKCZ"", ""YES1"", ""PTGDR"", ""KLRG1"", ""RFTN1"", ""IRF1"", ""PTPN22"", ""RPS6KA3"", ""ADA"", ""CD8B2"", ""BLK"", ""BTLA"", ""CRACR2A"", ""HLA-E"", ""ADARB1"", ""IRGM"", ""GNLY"", ""LEF1"", ""STYK1"", ""TRIM22"", ""CSF1"", ""DHX36"", ""CD244"", ""IL18RAP"", ""ZBP1"", ""ISG20"", ""G3BP2"", ""HLA-F"", ""CYLD"", ""IRF4"", ""TNFSF8"", ""IL18R1"", ""LYAR"", ""MAPK1"", ""CCL4"", ""LY75"", ""TNFSF10"", ""KLRD1"", ""BCL2"", ""SCAP"", ""ZFPM1"", ""LPXN"", ""PSPC1"", ""SENP7"", ""CRTAM"", ""UNG"", ""TRIM68"", ""HLA-B"", 
""IL21R"", ""PIK3CG"", ""CD70"", ""LAX1"", ""BCR"", ""WNK1"", ""LSM14A"", ""CCL24"", ""SMPD1"", ""SIRT1"", ""PHB"", ""IL31RA"", ""SLC30A8"", ""SOS1"", ""TRIM29"", ""SERINC5"", ""APOBEC3G"", ""HMCES"", ""SPN"", ""SH2D1B"", ""STAP1"", ""CRHR1"", ""NECTIN1"", ""NLRP1"", ""CASP6"", ""IFI27"", ""RC3H2"", ""TNFRSF13B"", ""IFIT5"", ""STAT5B"", ""VPS26B"", ""TGFB3"", ""FAS"", ""NLRP2"")"
"19","206","","Inflammation","GOBP_POSITIVE_REGULATION_OF_IMMUNE_SYSTEM_PROCESS","GO:0002684","Any process that activates or increases the frequency, rate, or extent of an immune system process. [GOC:add]","2.05900272859424e-16","1.43056761396664e-13","1.04762648849882","0.387987767756057","1.70150657310402","661","c(""CBLB"", ""THEMIS"", ""FYN"", ""SKAP1"", ""ITK"", ""CAMK4"", ""TOX"", ""CD247"", ""SLAMF6"", ""PYHIN1"", ""PRKCH"", ""CD2"", ""RHOH"", ""RASGRP1"", ""TRAT1"", ""DPP4"", ""KLRK1"", ""RUNX3"", ""IL7R"", ""CD6"", ""PTPRC"", ""LCK"", ""PRKCQ"", ""CARD11"", ""TESPA1"", ""ZAP70"", ""ITGA4"", ""SLA2"", ""RIPOR2"", ""SLAMF1"", ""CD8A"", ""BTN3A1"", ""ICOS"", ""GBP5"", ""TXK"", ""UBASH3A"", ""CD226"", ""NLRC5"", ""CD47"", ""SPON2"", ""GATA3"", ""BTN3A2"", ""SIRPG"", ""PIK3CD"", ""TNFSF14"", ""CCL5"", ""CASP8"", ""CD28"", ""PLCG1"", ""CD8B"", ""PRKCZ"", ""YES1"", ""RFTN1"", ""PTPN22"", ""ADA"", ""BLK"", ""HLA-E"", 
""IRGM"", ""LEF1"", ""CSF1"", ""DHX36"", ""CD244"", ""ZBP1"", ""HLA-F"", ""IL18R1"", ""SOX12"", ""MAPK1"", ""RASAL3"", ""CCL4"", ""KLRD1"", ""BCL2"", ""LPXN"", ""PDGFD"", ""PSPC1"", ""DAPK2"", ""CRTAM"", ""XG"", ""HLA-B"", ""EVI2B"", ""CD70"", ""LAX1"", ""WNK1"", ""LSM14A"", ""CCL24"", ""SIRT1"", ""PHB"", ""HMCES"", ""SPN"", ""SH2D1B"", ""STAP1"")"
"20","208","","Inflammation","GOBP_REGULATION_OF_IMMUNE_SYSTEM_PROCESS","GO:0002682","Any process that modulates the frequency, rate, or extent of an immune system process. [GOC:add]","7.02421245721691e-12","2.02431665070383e-09","0.887074988399873","0.329871687402413","1.46101572196104","1057","c(""CBLB"", ""ETS1"", ""THEMIS"", ""FYN"", ""SKAP1"", ""ITK"", ""CAMK4"", ""TOX"", ""CD96"", ""CD247"", ""SLAMF6"", ""PYHIN1"", ""PRKCH"", ""CD2"", ""RHOH"", ""RASGRP1"", ""TRAT1"", ""DPP4"", ""IKZF3"", ""KLRK1"", ""RUNX3"", ""IL7R"", ""CD6"", ""PTPRC"", ""LCK"", ""PRKCQ"", ""CARD11"", ""TESPA1"", ""ZAP70"", ""GPR171"", ""ITGA4"", ""RNF125"", ""SLA2"", ""ZEB1"", ""RIPOR2"", ""SLAMF1"", ""CD8A"", ""BTN3A1"", ""ICOS"", ""GBP5"", ""TXK"", ""NLRC3"", ""UBASH3A"", ""CD226"", ""MAP2K6"", ""NLRC5"", ""CD47"", ""SPON2"", ""GATA3"", ""TIGIT"", ""BTN3A2"", ""SIRPG"", ""PIK3CD"", ""TNFSF14"", ""CCL5"", ""CASP8"", ""TCF7"", 
""TNIP3"", ""TBC1D10C"", ""CD28"", ""PLCG1"", ""CD8B"", ""PRKCZ"", ""YES1"", ""PLCB1"", ""RFTN1"", ""IRF1"", ""PTPN22"", ""RPS6KA3"", ""ADA"", ""CD8B2"", ""BLK"", ""BTLA"", ""HLA-E"", ""TSC22D3"", ""IRGM"", ""LEF1"", ""GLMN"", ""CSF1"", ""DHX36"", ""CD244"", ""ZBP1"", ""FBXW7"", ""HLA-F"", ""CYLD"", ""IRF4"", ""TNFSF8"", ""IL18R1"", ""LYAR"", ""SOX12"", ""MAPK1"", ""RASAL3"", ""CCL4"", ""KLRD1"", ""BCL2"", ""ZFPM1"", ""LPXN"", ""PDGFD"", ""PSPC1"", ""DAPK2"", ""TSPAN32"", ""DLG1"", ""CRTAM"", ""XG"", ""HLA-B"", ""EVI2B"", ""CD70"", ""LAX1"", ""BCR"", ""WNK1"", ""LSM14A"", ""CCL24"", ""KLF13"", ""SIRT1"", ""PHB"", 
""IL31RA"", ""SOS1"", ""RARG"", ""HMCES"", ""SPN"")"
"21","210","","Inflammation","GOBP_REGULATION_OF_T_CELL_ACTIVATION","GO:0050863","Any process that modulates the frequency, rate or extent of T cell activation. [GOC:ai]","5.93951126939767e-17","7.25523496050549e-14","1.05746357275086","0.484689399263643","2.05661240741449","270","c(""CBLB"", ""FYN"", ""CAMK4"", ""TOX"", ""CD2"", ""RHOH"", ""RASGRP1"", ""DPP4"", ""KLRK1"", ""RUNX3"", ""IL7R"", ""CD6"", ""PTPRC"", ""LCK"", ""PRKCQ"", ""CARD11"", ""TESPA1"", ""ZAP70"", ""ZEB1"", ""RIPOR2"", ""SLAMF1"", ""ICOS"", ""CD47"", ""GATA3"", ""TIGIT"", ""SIRPG"", ""TNFSF14"", ""CCL5"", ""TCF7"", ""CD28"", ""PRKCZ"", ""YES1"", ""IRF1"", ""PTPN22"", ""ADA"", ""HLA-E"", ""LEF1"", ""GLMN"", ""IRF4"", ""TNFSF8"", ""SOX12"", ""RASAL3"", ""DLG1"", ""CRTAM"", ""CD70"", ""LAX1"", ""SOS1"", ""SPN"", ""SOD1"", ""RC3H2"", ""STAT5B"", ""NDFIP1"", ""SCRIB"", ""RIPK3"", ""TMEM131L"", ""TMIGD2"", ""DNAJA3"")"
"22","214","","Inflammation","GOBP_T_CELL_ACTIVATION","GO:0042110","The change in morphology and behavior of a mature or immature T cell resulting from exposure to a mitogen, cytokine, chemokine, cellular ligand, or an antigen for which it is specific. [GOC:mgi_curators, ISBN:0781735149]","4.7100371180732e-27","3.06953118984831e-23","1.34992572002205","0.499016592879587","2.14623639442764","395","c(""CBLB"", ""BCL11B"", ""THEMIS"", ""FYN"", ""ITK"", ""CAMK4"", ""TOX"", ""SLAMF6"", ""CD2"", ""RHOH"", ""RASGRP1"", ""DPP4"", ""KLRK1"", ""RUNX3"", ""IL7R"", ""CD6"", ""PTPRC"", ""LCK"", ""PRKCQ"", ""CARD11"", ""TESPA1"", ""ZAP70"", ""LY9"", ""SLA2"", ""ZEB1"", ""RIPOR2"", ""SLAMF1"", ""CD8A"", ""BTN3A1"", ""ICOS"", ""NLRC3"", ""CD47"", ""GATA3"", ""TIGIT"", ""SIRPG"", ""CCND3"", ""PIK3CD"", ""TNFSF14"", ""CCL5"", ""CASP8"", ""TCF7"", ""BATF"", ""ITGAL"", ""SLAMF7"", ""CD28"", ""CD8B"", ""PRKCZ"", ""YES1"", ""IRF1"", ""PTPN22"", ""ADA"", ""CRACR2A"", ""HLA-E"", ""LEF1"", ""JAML"", ""GLMN"", ""CD44"", ""MYH9"", 
""IRF4"", ""HSH2D"", ""TNFSF8"", ""PPP3CA"", ""IL18R1"", ""SOX12"", ""RASAL3"", ""BCL2"", ""ZFPM1"", ""DLG1"", ""CRTAM"", ""PIK3CG"", ""CD70"", ""LAX1"")"
"23","501",NA,NA,"GOBP_ALPHA_BETA_T_CELL_ACTIVATION","GO:0046631","The change in morphology and behavior of an alpha-beta T cell resulting from exposure to a mitogen, cytokine, chemokine, cellular ligand, or an antigen for which it is specific. [GOC:add]","2.47114143365078e-13","8.47601511742217e-11","0.932595211336209","0.565897148341286","2.2872160214653","122","c(""CBLB"", ""BCL11B"", ""ITK"", ""TOX"", ""SLAMF6"", ""RUNX3"", ""PTPRC"", ""PRKCQ"", ""ZAP70"", ""LY9"", ""GATA3"", ""BATF"", ""CD28"", ""PRKCZ"", ""IRF1"", ""PTPN22"", ""ADA"", ""CRACR2A"", ""HLA-E"", ""LEF1"", ""IRF4"", ""TNFSF8"", ""IL18R1"", ""RASAL3"", ""BCL2"", ""ZFPM1"", ""CRTAM"")"
"24","502",NA,NA,"GOBP_ALPHA_BETA_T_CELL_DIFFERENTIATION","GO:0046632","The process in which a precursor cell type acquires the specialized features of an alpha-beta T cell. An alpha-beta T cell is a T cell that expresses an alpha-beta T cell receptor complex. [CL:0000789, GOC:ai]","1.05266473225337e-08","1.96006173145577e-06","0.747739663149885","0.545992409434309","2.1433820596184","87","c(""BCL11B"", ""ITK"", ""TOX"", ""SLAMF6"", ""RUNX3"", ""ZAP70"", ""LY9"", ""GATA3"", ""BATF"", ""PRKCZ"", ""IRF1"", ""ADA"", ""CRACR2A"", ""LEF1"", ""IRF4"", ""TNFSF8"", ""IL18R1"", ""BCL2"", ""ZFPM1"")"
"25","503",NA,NA,"GOBP_ALPHA_BETA_T_CELL_PROLIFERATION","GO:0046633","The expansion of an alpha-beta T cell population by cell division. [GOC:ai]","2.76874536233148e-06","0.000304467644263605","0.627256739718528","0.636108794474902","2.21915437054577","31","c(""CBLB"", ""PTPRC"", ""ZAP70"", ""CD28"", ""IRF1"", ""PTPN22"", ""HLA-E"", ""RASAL3"")"
"26","605",NA,NA,"GOBP_ANTIGEN_RECEPTOR_MEDIATED_SIGNALING_PATHWAY","GO:0050851","A series of molecular signals initiated by the cross-linking of an antigen receptor on a B or T cell. [GOC:add]","1.66099841416605e-19","2.70618166628004e-16","1.14219120216838","0.595042526326859","2.44010324157473","147","c(""CBLB"", ""THEMIS"", ""FYN"", ""SKAP1"", ""ITK"", ""CD247"", ""PRKCH"", ""TRAT1"", ""PTPRC"", ""LCK"", ""CARD11"", ""TESPA1"", ""ZAP70"", ""SLA2"", ""CD8A"", ""BTN3A1"", ""TXK"", ""UBASH3A"", ""CD226"", ""GATA3"", ""BTN3A2"", ""PIK3CD"", ""CD28"", ""PLCG1"", ""CD8B"", ""RFTN1"", ""PTPN22"", ""ADA"", ""BLK"", ""MAPK1"", ""BCL2"", ""LPXN"", ""LAX1"", ""WNK1"")"
"27","908",NA,NA,"GOBP_CD4_POSITIVE_OR_CD8_POSITIVE_ALPHA_BETA_T_CELL_LINEAGE_COMMITMENT","GO:0043369","The process in which an immature T cell commits to CD4-positive T cell lineage or the CD8-positive lineage of alpha-beta T cells. [ISBN:0781735149]","8.04599071980767e-07","0.000104871443041973","0.659444398037935","0.792241146118409","2.51754219628369","16","c(""TOX"", ""SLAMF6"", ""LY9"", ""BATF"", ""IRF4"", ""BCL2"", ""ZFPM1"", ""SPN"")"
"28","909",NA,NA,"GOBP_CD8_POSITIVE_ALPHA_BETA_T_CELL_ACTIVATION","GO:0036037","The change in morphology and behavior of a CD8-positive, alpha-beta T cell resulting from exposure to a mitogen, cytokine, chemokine, cellular ligand, or an antigen for which it is specific. [CL:0000625, GOC:yaf]","3.62014286022123e-05","0.0031456628026749","0.557332238758646","0.65294290783522","2.16761480622126","22","c(""TOX"", ""RUNX3"", ""IRF1"", ""PTPN22"", ""HLA-E"", ""TNFSF8"", ""BCL2"", ""CRTAM"")"
"29","910",NA,NA,"GOBP_CD8_POSITIVE_ALPHA_BETA_T_CELL_DIFFERENTIATION","GO:0043374","The process in which a relatively unspecialized T cell acquires specialized features of a mature CD8-positive, alpha-beta T cell. [ISBN:0781735149]","3.21586659270006e-06","0.000343570534174202","0.627256739718528","0.852726842003327","2.50272882238514","10","c(""TOX"", ""RUNX3"", ""IRF1"", ""TNFSF8"", ""BCL2"")"
"30","931",NA,NA,"GOBP_CELLULAR_EXTRAVASATION","GO:0045123","The migration of a leukocyte from the blood vessels into the surrounding tissue. [GOC:jl]","0.000128101558114849","0.00917404235422493","0.518848077743792","0.496777393622287","1.86468263651898","56","c(""ITGA4"", ""RIPOR2"", ""CD47"", ""ITGA1"", ""PIK3CD"", ""ITGAL"", ""PLCB1"", ""ITGB1"", ""JAML"", ""SELL"", ""PDGFD"", ""XG"", ""PIK3CG"", ""BCR"", ""SPN"", ""PODXL2"", ""CCL28"", ""RIPK3"")"
"31","1096",NA,NA,"GOBP_CELL_ACTIVATION","GO:0001775","A change in the morphology or behavior of a cell resulting from exposure to an activating factor such as a cellular or soluble ligand. [GOC:mgi_curators]","1.72698764197492e-15","9.37898205229212e-13","1.01754479730988","0.36635606968266","1.61475452595282","803","c(""CBLB"", ""BCL11B"", ""THEMIS"", ""FYN"", ""ITK"", ""CAMK4"", ""TOX"", ""SLAMF6"", ""CD2"", ""RHOH"", ""RASGRP1"", ""DPP4"", ""IKZF3"", ""KLRK1"", ""RUNX3"", ""IL7R"", ""CD6"", ""PTPRC"", ""LCK"", ""PRKCQ"", ""CARD11"", ""TESPA1"", ""ZAP70"", ""ITGA4"", ""LY9"", ""SLA2"", ""ZEB1"", ""RIPOR2"", ""SLAMF1"", ""CD8A"", ""BTN3A1"", ""ICOS"", ""TXK"", ""NLRC3"", ""CD226"", ""F2R"", ""CD47"", ""GATA3"", ""TIGIT"", ""SIRPG"", ""CCND3"", ""PIK3CD"", ""TNFSF14"", ""GCLM"", ""CCL5"", ""CASP8"", ""ITM2A"", ""TCF7"", ""BATF"", ""ITGAL"", ""TBC1D10C"", ""SLAMF7"", ""CD28"", ""CD8B"", ""PRKCZ"", ""YES1"", ""PLCB1"", ""PTGDR"", 
""IKZF1"", ""IRF1"", ""PTPN22"", ""ADA"", ""BLK"", ""CRACR2A"", ""HLA-E"", ""ITGB1"", ""IL2RB"", ""LEF1"", ""JAML"", ""GLMN"", ""CSF1"", ""CD244"", ""CD44"", ""MYH9"", ""HLA-F"", ""IRF4"", ""HSH2D"", ""TNFSF8"", ""PPP3CA"", ""IL18R1"", ""DGKH"", ""SOX12"", ""RASAL3"", ""PLCZ1"", ""ASTL"", ""BCL2"", ""NTRK1"", ""ZFPM1"", ""TSPAN32"", ""DLG1"", ""CRTAM"", ""UNG"", ""METAP1"", ""DGKA"", ""IL21R"", ""PIK3CG"", ""CD70"", ""LAX1"", ""BCR"", ""PHB"", ""IL31RA"", ""SOS1"", ""HMCES"", ""SPN"", ""DGKQ"", ""SH2D1B"", ""STAP1"", ""SOD1"", ""PLA2G10"", ""RC3H2"", ""TNFRSF13B"", ""TPD52"")"
"32","1105",NA,NA,"GOBP_CELL_CELL_ADHESION_MEDIATED_BY_INTEGRIN","GO:0033631","The attachment of one cell to another cell via an integrin, a heterodimeric adhesion receptor formed by the non-covalent association of particular alpha and beta subunits. [GOC:add, PMID:12213832, PMID:14754902]","1.34076372312763e-05","0.00128496429170923","0.593325476396405","0.747048458605779","2.37393125366357","16","c(""SKAP1"", ""DPP4"", ""ITGA4"", ""CCL5"", ""ADA"", ""ITGB1"", ""WNK1"")"
"33","1368",NA,NA,"GOBP_CYTOKINE_PRODUCTION","GO:0001816","The appearance of a cytokine due to biosynthesis or secretion following a cellular stimulus, resulting in an increase in its intracellular or extracellular levels. [GOC:add, ISBN:0781735149]","0.000112242124695406","0.00830149935080613","0.538434096309916","0.304263878743536","1.32784647812999","593","c(""ITK"", ""CAMK4"", ""CD96"", ""SLAMF6"", ""PYHIN1"", ""CD2"", ""RASGRP1"", ""KLRK1"", ""CD6"", ""PTPRC"", ""PRKCQ"", ""CARD11"", ""PDCD4"", ""RNF125"", ""LY9"", ""SLAMF1"", ""BTN3A1"", ""GBP5"", ""TXK"", ""NLRC3"", ""UBASH3A"", ""CD226"", ""F2R"", ""CD47"", ""SPON2"", ""GATA3"", ""TIGIT"", ""BTN3A2"", ""PIK3CD"", ""CASP8"", ""SIGIRR"", ""BATF"", ""CD28"", ""ABCD2"", ""MCOLN2"", ""PRKCZ"", ""PLCB1"", ""RFTN1"", ""IRF1"", ""PTPN22"", ""HLA-E"", ""ZBTB20"", ""LEF1"", ""GLMN"", ""DHX36"", ""CD244"", ""HLA-F"", ""CYLD"", ""IRF4"", ""IL18R1"", ""HEG1"", ""ZFPM1"", ""FLT4"", ""RPS6KA5"", ""CRTAM"", ""HLA-B"", 
""PIK3CG"", ""MC1R"", ""SIRT1"", ""PHB"", ""SPN"", ""NFATC3"", ""SOD1"", ""PLA2G10"", ""AGPAT1"", ""NLRP1"", ""CEACAM20"", ""STAT5B"", ""TGFB3"", ""NLRP2"", ""ACE2"", ""NDFIP1"", ""CARD16"", ""FERMT1"", ""SCRIB"")"
"34","1456",NA,NA,"GOBP_DETECTION_OF_MECHANICAL_STIMULUS_INVOLVED_IN_SENSORY_PERCEPTION_OF_PAIN","GO:0050966","The series of events involved in the perception of pain in which a mechanical stimulus is received and converted into a molecular signal. [GOC:ai, GOC:dos]","0.00010998602077049","0.00823883790070443","0.538434096309916","0.759388376036416","2.27078242675751","11","c(""FYN"", ""CXCR4"", ""NTRK1"", ""HTR2A"", ""TNF"", ""TRPA1"", ""ITGA2"", ""SCN1A"")"
"35","2154",NA,NA,"GOBP_HETEROTYPIC_CELL_CELL_ADHESION","GO:0034113","The attachment of a cell to a cell of a different type via adhesion molecules. [GOC:add]","5.24777644567094e-05","0.00437538334847403","0.557332238758646","0.510803814385327","1.90048055096803","52","c(""SKAP1"", ""CD2"", ""PTPRC"", ""LCK"", ""ITGA4"", ""CD47"", ""ITGB1"", ""CD44"", ""CEACAM6"", ""WNK1"")"
"36","2271",NA,NA,"GOBP_IMMUNE_RESPONSE_REGULATING_CELL_SURFACE_RECEPTOR_SIGNALING_PATHWAY","GO:0002768","A series of molecular signals initiated by the binding of an extracellular ligand to a receptor on the surface of the target cell capable of activating, perpetuating, or inhibiting an immune response. [GOC:add, ISBN:0781735149, PMID:15771571]","1.38002708921903e-16","1.12420456755505e-13","1.04762648849882","0.517442743654238","2.17127120130679","213","c(""CBLB"", ""THEMIS"", ""FYN"", ""SKAP1"", ""ITK"", ""CD247"", ""PRKCH"", ""TRAT1"", ""KLRK1"", ""PTPRC"", ""LCK"", ""PRKCQ"", ""CARD11"", ""TESPA1"", ""ZAP70"", ""SLA2"", ""CD8A"", ""BTN3A1"", ""TXK"", ""UBASH3A"", ""CD226"", ""CD47"", ""GATA3"", ""BTN3A2"", ""PIK3CD"", ""CD28"", ""PLCG1"", ""CD8B"", ""YES1"", ""RFTN1"", ""PTPN22"", ""ADA"", ""BLK"", ""BTLA"", ""MAPK1"", ""KLRD1"", ""BCL2"", ""LPXN"", ""LAX1"", ""WNK1"")"
"37","2272",NA,NA,"GOBP_IMMUNE_RESPONSE_REGULATING_SIGNALING_PATHWAY","GO:0002764","The cascade of processes by which a signal interacts with a receptor, causing a change in the level or activity of a second messenger or other downstream target, and ultimately leading to the activation, perpetuation, or inhibition of an immune response. [GOC:add, ISBN:0781735149, PMID:15771571]","7.14428156608686e-12","2.02431665070383e-09","0.887074988399873","0.410848295090797","1.75999185284491","354","c(""CBLB"", ""THEMIS"", ""FYN"", ""SKAP1"", ""ITK"", ""CD247"", ""PRKCH"", ""TRAT1"", ""KLRK1"", ""PTPRC"", ""LCK"", ""PRKCQ"", ""CARD11"", ""TESPA1"", ""ZAP70"", ""RNF125"", ""SLA2"", ""CD8A"", ""BTN3A1"", ""TXK"", ""UBASH3A"", ""CD226"", ""MAP2K6"", ""CD47"", ""GATA3"", ""BTN3A2"", ""PIK3CD"", ""TNIP3"", ""CD28"", ""PLCG1"", ""CD8B"", ""YES1"", ""RFTN1"", ""IRF1"", ""PTPN22"", ""RPS6KA3"", ""ADA"", ""BLK"", ""BTLA"", ""IRGM"", ""CYLD"", ""IRF4"", ""MAPK1"", ""KLRD1"", ""BCL2"", ""LPXN"", ""LAX1"", ""WNK1"", ""LSM14A"", ""PHB"", ""SOS1"")"
"38","2337",NA,NA,"GOBP_INTERFERON_GAMMA_PRODUCTION","GO:0032609","The appearance of interferon-gamma due to biosynthesis or secretion following a cellular stimulus, resulting in an increase in its intracellular or extracellular levels. Interferon-gamma is also known as type II interferon. [GOC:add, GOC:mah, PMID:15546383]","1.06954649190082e-06","0.000130786860130165","0.643551836150722","0.496765321850035","1.9494664320056","86","c(""CD96"", ""SLAMF6"", ""CD2"", ""RASGRP1"", ""KLRK1"", ""SLAMF1"", ""BTN3A1"", ""TXK"", ""CD226"", ""CD47"", ""GATA3"", ""BTN3A2"", ""PTPN22"", ""CD244"", ""IL18R1"", ""ZFPM1"", ""CRTAM"")"
"39","2560",NA,NA,"GOBP_LYMPHOCYTE_ACTIVATION","GO:0046649","A change in morphology and behavior of a lymphocyte resulting from exposure to a specific antigen, mitogen, cytokine, chemokine, cellular ligand, or soluble factor. [GOC:mgi_curators, ISBN:0781735149]","1.72056565134163e-22","3.7376421165978e-19","1.22950405660873","0.430465108510665","1.87577865399151","576","c(""CBLB"", ""BCL11B"", ""THEMIS"", ""FYN"", ""ITK"", ""CAMK4"", ""TOX"", ""SLAMF6"", ""CD2"", ""RHOH"", ""RASGRP1"", ""DPP4"", ""IKZF3"", ""KLRK1"", ""RUNX3"", ""IL7R"", ""CD6"", ""PTPRC"", ""LCK"", ""PRKCQ"", ""CARD11"", ""TESPA1"", ""ZAP70"", ""ITGA4"", ""LY9"", ""SLA2"", ""ZEB1"", ""RIPOR2"", ""SLAMF1"", ""CD8A"", ""BTN3A1"", ""ICOS"", ""NLRC3"", ""CD47"", ""GATA3"", ""TIGIT"", ""SIRPG"", ""CCND3"", ""PIK3CD"", ""TNFSF14"", ""CCL5"", ""CASP8"", ""ITM2A"", ""TCF7"", ""BATF"", ""ITGAL"", ""TBC1D10C"", ""SLAMF7"", ""CD28"", ""CD8B"", ""PRKCZ"", ""YES1"", ""IKZF1"", ""IRF1"", ""PTPN22"", ""ADA"", ""BLK"", ""CRACR2A"", 
""HLA-E"", ""ITGB1"", ""IL2RB"", ""LEF1"", ""JAML"", ""GLMN"", ""CD244"", ""CD44"", ""MYH9"", ""HLA-F"", ""IRF4"", ""HSH2D"", ""TNFSF8"", ""PPP3CA"", ""IL18R1"", ""SOX12"", ""RASAL3"", ""BCL2"", ""NTRK1"", ""ZFPM1"", ""DLG1"", ""CRTAM"", ""UNG"", ""IL21R"", ""PIK3CG"", ""CD70"", ""LAX1"")"
"40","2566",NA,NA,"GOBP_LYMPHOCYTE_COSTIMULATION","GO:0031294","The process of providing, via surface-bound receptor-ligand pairs, a second, antigen-independent, signal in addition to that provided by the B- or T cell receptor to augment B- or T cell activation. [ISBN:0781735149]","1.73885612240366e-07","2.57548303402378e-05","0.690132458796796","0.663852314698388","2.34169203140007","35","c(""FYN"", ""DPP4"", ""KLRK1"", ""LCK"", ""CARD11"", ""ICOS"", ""TNFSF14"", ""CD28"", ""YES1"")"
"41","2569",NA,NA,"GOBP_LYMPHOCYTE_MIGRATION","GO:0072676","The movement of a lymphocyte within or between different tissues and organs of the body. [CL:0000542, GOC:BHF, GOC:mah]","3.56401774733836e-05","0.00313874373775731","0.557332238758646","0.47597643895297","1.84615394151863","76","c(""KLRK1"", ""ZAP70"", ""ITGA4"", ""RIPOR2"", ""GATA3"", ""PIK3CD"", ""TNFSF14"", ""CCL5"", ""ITGAL"", ""CCL4"", ""CRTAM"", ""XG"", ""PIK3CG"", ""WNK1"", ""CCL24"", ""SPN"")"
"42","3039",NA,NA,"GOBP_NATURAL_KILLER_CELL_ACTIVATION","GO:0030101","The change in morphology and behavior of a natural killer cell in response to a cytokine, chemokine, cellular ligand, or soluble factor. [GOC:mgi_curators, ISBN:0781735149]","3.05231635837212e-08","5.37620154257057e-06","0.719512826338911","0.593238675157045","2.24183665148101","60","c(""TOX"", ""CD2"", ""RASGRP1"", ""KLRK1"", ""PTPRC"", ""SLAMF1"", ""PIK3CD"", ""CASP8"", ""SLAMF7"", ""PTPN22"", ""HLA-E"", ""IL2RB"", ""CD244"", ""HLA-F"", ""IL18R1"", ""IL21R"")"
"43","3044",NA,NA,"GOBP_NATURAL_KILLER_CELL_DIFFERENTIATION","GO:0001779","The process in which a relatively unspecialized cell acquires the specialized features of a natural killer cell. [GOC:add, ISBN:0781735149]","5.47227815478533e-05","0.004457854591842","0.557332238758646","0.643586185921393","2.13655271991214","22","c(""TOX"", ""RASGRP1"", ""PTPRC"", ""SLAMF1"", ""PIK3CD"", ""STAT5B"")"
"44","3046",NA,NA,"GOBP_NATURAL_KILLER_CELL_MEDIATED_IMMUNITY","GO:0002228","The promotion of an immune response by natural killer cells through direct recognition of target cells or through the release of cytokines. [GO_REF:0000022, GOC:add, ISBN:0781735149]","7.43332459996087e-06","0.000733984491180985","0.610526878385931","0.556293899948302","2.05079962748654","48","c(""CD96"", ""SLAMF6"", ""RASGRP1"", ""KLRK1"", ""CD226"", ""SLAMF7"", ""HLA-E"", ""HLA-F"", ""KLRD1"", ""CRTAM"", ""HLA-B"", ""SH2D1B"", ""STAT5B"")"
"45","3747",NA,NA,"GOBP_NEGATIVE_REGULATION_OF_T_CELL_APOPTOTIC_PROCESS","GO:0070233","Any process that stops, prevents, or reduces the frequency, rate or extent of T cell death by apoptotic process. [GOC:add, GOC:mtg_apoptosis, ISBN:0781765196]","1.88495099548103e-05","0.00175488937679284","0.575610261071129","0.739978747102394","2.32939305690607","15","c(""IL7R"", ""PRKCQ"", ""CCL5"", ""ADA"", ""TSC22D3"")"
"46","3755",NA,NA,"GOBP_NEGATIVE_REGULATION_OF_T_CELL_RECEPTOR_SIGNALING_PATHWAY","GO:0050860","Any process that stops, prevents, or reduces the frequency, rate or extent of signaling pathways initiated by the cross-linking of an antigen receptor on a T cell. [GOC:ai]","2.44344594715987e-05","0.00221165794967235","0.575610261071129","0.678073580345551","2.23798326697738","21","c(""CBLB"", ""SLA2"", ""UBASH3A"", ""PTPN22"")"
"47","4330",NA,NA,"GOBP_POSITIVE_REGULATION_OF_ANTIGEN_RECEPTOR_MEDIATED_SIGNALING_PATHWAY","GO:0050857","Any process that activates or increases the frequency, rate or extent of signaling pathways initiated by the cross-linking of an antigen receptor on a B- or T cell. [GOC:ai]","2.98654542523217e-07","4.05485761171626e-05","0.674962860011025","0.720626682400379","2.41714535016249","23","c(""PRKCH"", ""TRAT1"", ""PTPRC"", ""LCK"", ""CARD11"", ""TESPA1"", ""CD226"", ""ADA"", ""STAP1"")"
"48","4412",NA,NA,"GOBP_POSITIVE_REGULATION_OF_CELL_ACTIVATION","GO:0050867","Any process that activates or increases the frequency, rate or extent of activation. [GOC:ai]","1.3888622353076e-08","2.51422644097211e-06","0.747739663149885","0.399917621633133","1.70079322617286","287","c(""FYN"", ""TOX"", ""CD2"", ""RHOH"", ""RASGRP1"", ""DPP4"", ""KLRK1"", ""RUNX3"", ""IL7R"", ""CD6"", ""PTPRC"", ""LCK"", ""PRKCQ"", ""CARD11"", ""TESPA1"", ""ZAP70"", ""SLAMF1"", ""ICOS"", ""CD226"", ""CD47"", ""GATA3"", ""SIRPG"", ""TNFSF14"", ""CCL5"", ""CD28"", ""PRKCZ"", ""YES1"", ""PTPN22"", ""ADA"", ""HLA-E"", ""LEF1"", ""HLA-F"", ""SOX12"", ""RASAL3"", ""BCL2"")"
"49","4485",NA,NA,"GOBP_POSITIVE_REGULATION_OF_CYTOKINE_PRODUCTION","GO:0001819","Any process that activates or increases the frequency, rate or extent of production of a cytokine. [GOC:add, ISBN:0781735149]","2.81709896569227e-07","3.90617743817373e-05","0.674962860011025","0.357576770012402","1.53617341142977","377","c(""ITK"", ""CAMK4"", ""SLAMF6"", ""PYHIN1"", ""CD2"", ""RASGRP1"", ""KLRK1"", ""CD6"", ""PTPRC"", ""PRKCQ"", ""CARD11"", ""LY9"", ""SLAMF1"", ""BTN3A1"", ""GBP5"", ""TXK"", ""CD226"", ""F2R"", ""SPON2"", ""GATA3"", ""TIGIT"", ""BTN3A2"", ""PIK3CD"", ""CASP8"", ""BATF"", ""CD28"", ""MCOLN2"", ""PRKCZ"", ""PLCB1"", ""RFTN1"", ""IRF1"", ""PTPN22"", ""HLA-E"", ""ZBTB20"", ""GLMN"", ""DHX36"", ""CD244"", ""HLA-F"", ""IRF4"", ""IL18R1"", ""HEG1"", ""ZFPM1"", ""FLT4"", ""CRTAM"", ""PIK3CG"", ""SIRT1"", ""PHB"", ""SPN"", ""SOD1"", ""AGPAT1"", ""NLRP1"", ""CEACAM20"", ""STAT5B"", ""NLRP2"")"
"50","4493",NA,NA,"GOBP_POSITIVE_REGULATION_OF_DEFENSE_RESPONSE","GO:0031349","Any process that activates or increases the frequency, rate or extent of a defense response. [GOC:mah]","1.10377126088063e-06","0.000130786860130165","0.643551836150722","0.394834024198527","1.65631572529677","212","c(""ETS1"", ""FYN"", ""SLAMF6"", ""PYHIN1"", ""RASGRP1"", ""KLRK1"", ""PDCD4"", ""GBP5"", ""TXK"", ""CD226"", ""NLRC5"", ""CD47"", ""OPTN"", ""ABCC1"", ""CCL5"", ""CD28"", ""HLA-E"", ""IRGM"", ""ZBP1"", ""HLA-F"", ""KLRD1"", ""PSPC1"", ""CRTAM"", ""PIK3CG"", ""LSM14A"", ""CCL24"", ""FABP4"", ""SH2D1B"", ""STAP1"", ""NLRP1"", ""CASP6"", ""STAT5B"")"
"51","4658",NA,NA,"GOBP_POSITIVE_REGULATION_OF_IMMUNE_RESPONSE","GO:0050778","Any process that activates or increases the frequency, rate or extent of the immune response, the immunological reaction of an organism to an immunogenic stimulus. [GOC:ai]","5.63691783331154e-15","2.82583027074548e-12","0.996986217533181","0.422685334202128","1.82003836103224","400","c(""CBLB"", ""THEMIS"", ""FYN"", ""SKAP1"", ""ITK"", ""CD247"", ""SLAMF6"", ""PYHIN1"", ""PRKCH"", ""RASGRP1"", ""TRAT1"", ""KLRK1"", ""PTPRC"", ""LCK"", ""PRKCQ"", ""CARD11"", ""TESPA1"", ""ZAP70"", ""SLA2"", ""SLAMF1"", ""CD8A"", ""BTN3A1"", ""GBP5"", ""TXK"", ""UBASH3A"", ""CD226"", ""NLRC5"", ""CD47"", ""GATA3"", ""BTN3A2"", ""PIK3CD"", ""CCL5"", ""CD28"", ""PLCG1"", ""CD8B"", ""PRKCZ"", ""YES1"", ""RFTN1"", ""PTPN22"", ""ADA"", ""BLK"", ""HLA-E"", ""IRGM"", ""ZBP1"", ""HLA-F"", ""IL18R1"", ""MAPK1"", ""KLRD1"", ""BCL2"", ""LPXN"", ""PSPC1"", ""CRTAM"", ""HLA-B"", ""LAX1"", ""WNK1"", ""LSM14A"", ""SIRT1"", 
""PHB"", ""HMCES"", ""SH2D1B"", ""STAP1"", ""CASP6"", ""RC3H2"", ""STAT5B"")"
"52","4664",NA,NA,"GOBP_POSITIVE_REGULATION_OF_INNATE_IMMUNE_RESPONSE","GO:0045089","Any process that activates or increases the frequency, rate or extent of the innate immune response, the organism's first line of defense against infection. [GOC:ebc]","2.8031392750984e-06","0.000304467644263605","0.627256739718528","0.462967489167857","1.8573972604541","111","c(""FYN"", ""SLAMF6"", ""PYHIN1"", ""RASGRP1"", ""KLRK1"", ""GBP5"", ""TXK"", ""CD226"", ""NLRC5"", ""CCL5"", ""HLA-E"", ""IRGM"", ""ZBP1"", ""HLA-F"", ""KLRD1"", ""PSPC1"", ""CRTAM"", ""LSM14A"", ""SH2D1B"", ""CASP6"", ""STAT5B"")"
"53","4673",NA,NA,"GOBP_POSITIVE_REGULATION_OF_INTERFERON_GAMMA_PRODUCTION","GO:0032729","Any process that activates or increases the frequency, rate, or extent of interferon-gamma production. Interferon-gamma is also known as type II interferon. [GOC:add, GOC:mah, PMID:15546383]","9.155353587064e-07","0.000116991057503718","0.659444398037935","0.554233964326939","2.09443865809125","60","c(""SLAMF6"", ""CD2"", ""RASGRP1"", ""KLRK1"", ""SLAMF1"", ""BTN3A1"", ""TXK"", ""CD226"", ""BTN3A2"", ""PTPN22"", ""CD244"", ""IL18R1"", ""ZFPM1"", ""CRTAM"")"
"54","4716",NA,NA,"GOBP_POSITIVE_REGULATION_OF_LEUKOCYTE_MEDIATED_IMMUNITY","GO:0002705","Any process that activates or increases the frequency, rate, or extent of leukocyte mediated immunity. [GOC:add]","1.08665887360595e-06","0.000130786860130165","0.643551836150722","0.477016210796762","1.90337948588824","100","c(""CAMK4"", ""SLAMF6"", ""RASGRP1"", ""KLRK1"", ""PTPRC"", ""SLAMF1"", ""CD226"", ""GATA3"", ""CD28"", ""PRKCZ"", ""HLA-E"", ""DHX36"", ""HLA-F"", ""IL18R1"", ""KLRD1"", ""CRTAM"", ""HLA-B"", ""HMCES"", ""SH2D1B"", ""STAP1"", ""STAT5B"")"
"55","4739",NA,NA,"GOBP_POSITIVE_REGULATION_OF_LYMPHOCYTE_DIFFERENTIATION","GO:0045621","Any process that activates or increases the frequency, rate or extent of lymphocyte differentiation. [GOC:go_curators]","3.56401774733836e-05","0.00313874373775731","0.557332238758646","0.460730625223156","1.81736109666011","90","c(""TOX"", ""RHOH"", ""RASGRP1"", ""RUNX3"", ""IL7R"", ""PTPRC"", ""TESPA1"", ""ZAP70"", ""GATA3"", ""PRKCZ"", ""ADA"", ""LEF1"", ""SOX12"")"
"56","4740",NA,NA,"GOBP_POSITIVE_REGULATION_OF_LYMPHOCYTE_MEDIATED_IMMUNITY","GO:0002708","Any process that activates or increases the frequency, rate, or extent of lymphocyte mediated immunity. [GOC:add]","2.73435145505896e-06","0.000304467644263605","0.627256739718528","0.500010857781374","1.95236445967475","80","c(""SLAMF6"", ""RASGRP1"", ""KLRK1"", ""PTPRC"", ""SLAMF1"", ""CD226"", ""GATA3"", ""CD28"", ""PRKCZ"", ""HLA-E"", ""HLA-F"", ""IL18R1"", ""KLRD1"", ""CRTAM"", ""HLA-B"", ""HMCES"", ""SH2D1B"", ""STAT5B"")"
"57","4825",NA,NA,"GOBP_POSITIVE_REGULATION_OF_NATURAL_KILLER_CELL_MEDIATED_CYTOTOXICITY","GO:0045954","Any process that activates or increases the frequency, rate or extent of natural killer cell mediated cytotoxicity. [GOC:add, ISBN:0781735149]","2.39348374952859e-07","3.39094208601692e-05","0.674962860011025","0.808727357586347","2.54580810471704","15","c(""SLAMF6"", ""RASGRP1"", ""KLRK1"", ""CD226"", ""HLA-E"", ""HLA-F"", ""KLRD1"", ""CRTAM"", ""STAT5B"")"
"58","4827",NA,NA,"GOBP_POSITIVE_REGULATION_OF_NATURAL_KILLER_CELL_MEDIATED_IMMUNITY","GO:0002717","Any process that activates or increases the frequency, rate, or extent of natural killer cell mediated immunity. [GOC:add]","9.80508576844266e-08","1.52142247507002e-05","0.704975715167238","0.796653984446385","2.5550159140473","17","c(""SLAMF6"", ""RASGRP1"", ""KLRK1"", ""CD226"", ""HLA-E"", ""HLA-F"", ""KLRD1"", ""CRTAM"", ""SH2D1B"", ""STAT5B"")"
"59","4921",NA,NA,"GOBP_POSITIVE_REGULATION_OF_PRODUCTION_OF_MOLECULAR_MEDIATOR_OF_IMMUNE_RESPONSE","GO:0002702","Any process that activates or increases the frequency, rate, or extent of the production of molecular mediator of immune response. [GOC:add]","0.00011676544730752","0.00845511577892345","0.538434096309916","0.436857321655174","1.7302260318851","94","c(""CAMK4"", ""PTPRC"", ""SLAMF1"", ""CD226"", ""SPON2"", ""GATA3"", ""CD28"", ""PRKCZ"", ""PTPN22"", ""HLA-E"", ""DHX36"", ""CD244"", ""HLA-F"", ""IL18R1"", ""SIRT1"", ""PHB"", ""HMCES"")"
"60","5069",NA,NA,"GOBP_POSITIVE_REGULATION_OF_TELOMERE_MAINTENANCE","GO:0032206","Any process that activates or increases the frequency, rate or extent of a process that affects and monitors the activity of telomeric proteins and the length of telomeric DNA. [GOC:mah]","7.05043024586755e-05","0.00553586191714684","0.538434096309916","0.526835795901","1.94801425270894","49","c(""PRKCQ"", ""NEK7"", ""TNKS2"", ""DHX36"", ""TCP1"", ""MAPK1"", ""TNKS"", ""NABP2"", ""AURKB"", ""ACD"", ""TERF2"", ""NAF1"", ""MAP3K4"")"
"61","5070",NA,NA,"GOBP_POSITIVE_REGULATION_OF_TELOMERE_MAINTENANCE_VIA_TELOMERE_LENGTHENING","GO:1904358","Any process that activates or increases the frequency, rate or extent of telomere maintenance via telomere lengthening. [GO_REF:0000058, GOC:BHF, GOC:BHF_telomere, GOC:nc, GOC:TermGenie, PMID:23959892]","0.000113370176802477","0.00830149935080613","0.538434096309916","0.558872799109103","1.98826015930303","36","c(""PRKCQ"", ""NEK7"", ""TNKS2"", ""DHX36"", ""TCP1"", ""MAPK1"", ""TNKS"", ""AURKB"", ""ACD"", ""NAF1"", ""MAP3K4"")"
"62","5126",NA,NA,"GOBP_POSITIVE_REGULATION_OF_T_CELL_RECEPTOR_SIGNALING_PATHWAY","GO:0050862","Any process that activates or increases the frequency, rate or extent of signaling pathways initiated by the cross-linking of an antigen receptor on a T cell. [GOC:ai]","5.63396314684674e-06","0.000592202223032261","0.610526878385931","0.764514625177461","2.4066300103415","15","c(""TRAT1"", ""LCK"", ""CARD11"", ""TESPA1"", ""CD226"", ""ADA"")"
"63","5167",NA,NA,"GOBP_POSITIVE_T_CELL_SELECTION","GO:0043368","The process of sparing immature T cells which react with self-MHC protein complexes with low affinity levels from apoptotic death. [ISBN:0781735149, PMID:12414722]","3.1285219074993e-11","8.15543090846916e-09","0.851339057116899","0.810178556116183","2.76053679438274","26","c(""BCL11B"", ""THEMIS"", ""TOX"", ""SLAMF6"", ""PTPRC"", ""ZAP70"", ""LY9"", ""BATF"", ""IRF4"", ""BCL2"", ""ZFPM1"", ""SPN"")"
"64","5326",NA,NA,"GOBP_PROTEIN_LOCALIZATION_TO_CHROMOSOME_TELOMERIC_REGION","GO:0070198","Any process in which a protein is transported to, or maintained at, the telomeric region of a chromosome. [GOC:BHF, GOC:mah]","1.42890741120645e-06","0.00016628909997915","0.643551836150722","0.669214058459288","2.30620175195935","28","c(""TERF1"", ""TNKS2"", ""TCP1"", ""TERF2IP"", ""ZNF827"", ""TNKS"", ""NABP2"", ""PINX1"", ""ACD"", ""TERT"", ""TERF2"")"
"65","5569",NA,NA,"GOBP_REGULATION_OF_ALPHA_BETA_T_CELL_ACTIVATION","GO:0046634","Any process that modulates the frequency, rate or extent of alpha-beta T cell activation. [GOC:ai]","7.43332459996087e-06","0.000733984491180985","0.610526878385931","0.4817769547104","1.88309832969777","82","c(""CBLB"", ""RUNX3"", ""PTPRC"", ""PRKCQ"", ""ZAP70"", ""GATA3"", ""CD28"", ""PRKCZ"", ""IRF1"", ""PTPN22"", ""ADA"", ""HLA-E"", ""IRF4"", ""RASAL3"", ""CRTAM"")"
"66","5592",NA,NA,"GOBP_REGULATION_OF_ANTIGEN_RECEPTOR_MEDIATED_SIGNALING_PATHWAY","GO:0050854","Any process that modulates the frequency, rate or extent of signaling pathways initiated by the cross-linking of an antigen receptor on a B- or T cell. [GOC:ai]","1.10563127307012e-09","2.66866629873998e-07","0.788186810800237","0.634526627195173","2.37637939460443","55","c(""CBLB"", ""PRKCH"", ""TRAT1"", ""PTPRC"", ""LCK"", ""CARD11"", ""TESPA1"", ""SLA2"", ""UBASH3A"", ""CD226"", ""PTPN22"", ""ADA"", ""BLK"", ""LPXN"")"
"67","5723",NA,NA,"GOBP_REGULATION_OF_CELL_ACTIVATION","GO:0050865","Any process that modulates the frequency, rate or extent of cell activation, the change in the morphology or behavior of a cell resulting from exposure to an activating factor such as a cellular or soluble ligand. [GOC:ai]","1.9983692512427e-09","4.06980387823395e-07","0.774939030136436","0.361742916711597","1.56622223923307","480","c(""CBLB"", ""FYN"", ""CAMK4"", ""TOX"", ""CD2"", ""RHOH"", ""RASGRP1"", ""DPP4"", ""IKZF3"", ""KLRK1"", ""RUNX3"", ""IL7R"", ""CD6"", ""PTPRC"", ""LCK"", ""PRKCQ"", ""CARD11"", ""TESPA1"", ""ZAP70"", ""ZEB1"", ""RIPOR2"", ""SLAMF1"", ""ICOS"", ""TXK"", ""CD226"", ""CD47"", ""GATA3"", ""TIGIT"", ""SIRPG"", ""TNFSF14"", ""CCL5"", ""TCF7"", ""TBC1D10C"", ""CD28"", ""PRKCZ"", ""YES1"", ""IRF1"", ""PTPN22"", ""ADA"", ""BLK"", ""HLA-E"", ""LEF1"", ""GLMN"", ""HLA-F"", ""IRF4"", ""TNFSF8"", ""SOX12"", ""RASAL3"", ""BCL2"", ""TSPAN32"", ""DLG1"", ""CRTAM"", ""CD70"", ""LAX1"", ""BCR"", ""IL31RA"", ""SOS1"", ""HMCES"", 
""SPN"", ""STAP1"", ""SOD1"", ""PLA2G10"", ""RC3H2"", ""TNFRSF13B"", ""STAT5B"")"
"68","5727",NA,NA,"GOBP_REGULATION_OF_CELL_CELL_ADHESION_MEDIATED_BY_INTEGRIN","GO:0033632","Any process that modulates the frequency, rate, or extent of cell-cell adhesion mediated by integrin. [GOC:add]","5.30390186480664e-05","0.00437538334847403","0.557332238758646","0.800872016645349","2.35053639731937","10","c(""SKAP1"", ""DPP4"", ""CCL5"", ""ADA"", ""WNK1"")"
"69","5999",NA,NA,"GOBP_REGULATION_OF_HEMOPOIESIS","GO:1903706","Any process that modulates the frequency, rate or extent of hemopoiesis. [GO_REF:0000058, GOC:pad, GOC:PARL, GOC:TermGenie, PMID:20080761]","1.52193082727816e-05","0.00143745263787997","0.593325476396405","0.35360694142585","1.50448465823068","290","c(""ETS1"", ""CAMK4"", ""TOX"", ""CD2"", ""RHOH"", ""RASGRP1"", ""IKZF3"", ""RUNX3"", ""IL7R"", ""PTPRC"", ""CARD11"", ""TESPA1"", ""ZAP70"", ""GPR171"", ""ZEB1"", ""GATA3"", ""CASP8"", ""TCF7"", ""CD28"", ""PRKCZ"", ""IRF1"", ""ADA"", ""LEF1"", ""CSF1"", ""FBXW7"", ""IRF4"", ""SOX12"", ""ZFPM1"", ""CRTAM"", ""HLA-B"", ""EVI2B"", ""KLF13"", ""SOS1"", ""RARG"", ""SOD1"", ""RC3H2"", ""STAT5B"")"
"70","6044",NA,NA,"GOBP_REGULATION_OF_INNATE_IMMUNE_RESPONSE","GO:0045088","Any process that modulates the frequency, rate or extent of the innate immune response, the organism's first line of defense against infection. [GOC:ebc]","0.000104345762791253","0.00790722483849527","0.538434096309916","0.367616760456172","1.53243351514927","190","c(""FYN"", ""CD96"", ""SLAMF6"", ""PYHIN1"", ""RASGRP1"", ""KLRK1"", ""GBP5"", ""TXK"", ""NLRC3"", ""CD226"", ""NLRC5"", ""CCL5"", ""CASP8"", ""IRF1"", ""PTPN22"", ""HLA-E"", ""IRGM"", ""ZBP1"", ""HLA-F"", ""LYAR"", ""KLRD1"", ""PSPC1"", ""CRTAM"", ""HLA-B"", ""LSM14A"", ""SH2D1B"", ""CASP6"", ""STAT5B"")"
"71","6123",NA,NA,"GOBP_REGULATION_OF_LYMPHOCYTE_ACTIVATION","GO:0051249","Any process that modulates the frequency, rate or extent of lymphocyte activation. [GOC:ai]","9.19854222155346e-14","3.74668122861649e-11","0.954541630725724","0.422724884383358","1.81371325438372","366","c(""CBLB"", ""FYN"", ""CAMK4"", ""TOX"", ""CD2"", ""RHOH"", ""RASGRP1"", ""DPP4"", ""IKZF3"", ""KLRK1"", ""RUNX3"", ""IL7R"", ""CD6"", ""PTPRC"", ""LCK"", ""PRKCQ"", ""CARD11"", ""TESPA1"", ""ZAP70"", ""ZEB1"", ""RIPOR2"", ""SLAMF1"", ""ICOS"", ""CD47"", ""GATA3"", ""TIGIT"", ""SIRPG"", ""TNFSF14"", ""CCL5"", ""TCF7"", ""TBC1D10C"", ""CD28"", ""PRKCZ"", ""YES1"", ""IRF1"", ""PTPN22"", ""ADA"", ""BLK"", ""HLA-E"", ""LEF1"", ""GLMN"", ""HLA-F"", ""IRF4"", ""TNFSF8"", ""SOX12"", ""RASAL3"", ""BCL2"", ""DLG1"", ""CRTAM"", ""CD70"", ""LAX1"", ""SOS1"", ""HMCES"", ""SPN"", ""SOD1"", ""RC3H2"", ""TNFRSF13B"", ""STAT5B""
)"
"72","6126",NA,NA,"GOBP_REGULATION_OF_LYMPHOCYTE_DIFFERENTIATION","GO:0045619","Any process that modulates the frequency, rate or extent of lymphocyte differentiation. [GOC:go_curators]","4.98041038085792e-09","9.66945088065616e-07","0.761460801445585","0.476353663791571","1.95221203744731","146","c(""CAMK4"", ""TOX"", ""CD2"", ""RHOH"", ""RASGRP1"", ""IKZF3"", ""RUNX3"", ""IL7R"", ""PTPRC"", ""CARD11"", ""TESPA1"", ""ZAP70"", ""ZEB1"", ""GATA3"", ""TCF7"", ""CD28"", ""PRKCZ"", ""IRF1"", ""ADA"", ""LEF1"", ""IRF4"", ""SOX12"", ""CRTAM"", ""SOS1"", ""SOD1"", ""RC3H2"", ""STAT5B"", ""NDFIP1"")"
"73","6127",NA,NA,"GOBP_REGULATION_OF_LYMPHOCYTE_MEDIATED_IMMUNITY","GO:0002706","Any process that modulates the frequency, rate, or extent of lymphocyte mediated immunity. [GOC:add]","4.51814659522444e-05","0.00382399498195814","0.557332238758646","0.417178593855234","1.69010540226275","125","c(""CD96"", ""SLAMF6"", ""RASGRP1"", ""KLRK1"", ""IL7R"", ""PTPRC"", ""SLAMF1"", ""CD226"", ""GATA3"", ""CD28"", ""PRKCZ"", ""HLA-E"", ""HLA-F"", ""IL18R1"", ""KLRD1"", ""CRTAM"", ""HLA-B"", ""HMCES"", ""SH2D1B"", ""STAT5B"", ""NDFIP1"", ""RIPK3"")"
"74","6260",NA,NA,"GOBP_REGULATION_OF_NATURAL_KILLER_CELL_MEDIATED_IMMUNITY","GO:0002715","Any process that modulates the frequency, rate, or extent of natural killer cell mediated immunity. [GOC:add]","1.6171445920637e-06","0.000184893531692616","0.643551836150722","0.659380823553046","2.29410513066103","30","c(""CD96"", ""SLAMF6"", ""RASGRP1"", ""KLRK1"", ""CD226"", ""HLA-E"", ""HLA-F"", ""KLRD1"", ""CRTAM"", ""HLA-B"", ""SH2D1B"", ""STAT5B"")"
"75","6673",NA,NA,"GOBP_REGULATION_OF_T_CELL_DIFFERENTIATION","GO:0045580","Any process that modulates the frequency, rate or extent of T cell differentiation. [GOC:go_curators]","1.31243671378156e-09","2.94936209093602e-07","0.788186810800237","0.51259867540598","2.06778096017655","121","c(""CAMK4"", ""TOX"", ""CD2"", ""RHOH"", ""RASGRP1"", ""RUNX3"", ""IL7R"", ""PTPRC"", ""CARD11"", ""TESPA1"", ""ZAP70"", ""ZEB1"", ""GATA3"", ""TCF7"", ""CD28"", ""PRKCZ"", ""IRF1"", ""ADA"", ""LEF1"", ""IRF4"", ""SOX12"", ""CRTAM"", ""SOS1"", ""SOD1"", ""RC3H2"", ""STAT5B"")"
"76","6674",NA,NA,"GOBP_REGULATION_OF_T_CELL_DIFFERENTIATION_IN_THYMUS","GO:0033081","Any process that modulates the frequency, rate or extent of T cell differentiation in the thymus. [GOC:add, GOC:mah]","3.36536717855263e-08","5.77160471121775e-06","0.719512826338911","0.780894406421942","2.57734361801552","21","c(""CAMK4"", ""TOX"", ""RASGRP1"", ""IL7R"", ""TESPA1"", ""ZEB1"", ""ADA"", ""SOS1"", ""SOD1"", ""TMEM131L"")"
"77","6680",NA,NA,"GOBP_REGULATION_OF_T_CELL_PROLIFERATION","GO:0042129","Any process that modulates the frequency, rate or extent of T cell proliferation. [GOC:jl]","2.33174680585178e-05","0.00214028083573748","0.575610261071129","0.422854279950122","1.72388163956634","135","c(""CBLB"", ""CD6"", ""PTPRC"", ""PRKCQ"", ""CARD11"", ""ZAP70"", ""SLAMF1"", ""CCL5"", ""CD28"", ""IRF1"", ""PTPN22"", ""HLA-E"", ""GLMN"", ""TNFSF8"", ""RASAL3"", ""DLG1"", ""CRTAM"", ""CD70"", ""SOS1"", ""SPN"", ""STAT5B"", ""NDFIP1"", ""SCRIB"", ""RIPK3"", ""TMEM131L"", ""TMIGD2"", ""DNAJA3"")"
"78","6681",NA,NA,"GOBP_REGULATION_OF_T_CELL_RECEPTOR_SIGNALING_PATHWAY","GO:0050856","Any process that modulates the frequency, rate or extent of signaling pathways initiated by the cross-linking of an antigen receptor on a T cell. [GOC:ai]","9.46550611615498e-10","2.372565513807e-07","0.788186810800237","0.701665681116796","2.5214508144232","39","c(""CBLB"", ""TRAT1"", ""LCK"", ""CARD11"", ""TESPA1"", ""SLA2"", ""UBASH3A"", ""CD226"", ""PTPN22"", ""ADA"")"
"79","7441",NA,NA,"GOBP_THYMIC_T_CELL_SELECTION","GO:0045061","The process of T cell selection that occurs in the thymus. [ISBN:0781735149, PMID:12414722]","9.8398467708729e-07","0.00012331977193419","0.643551836150722","0.791309860931369","2.49097923843451","15","c(""TOX"", ""PTPRC"", ""CARD11"", ""ZAP70"", ""GATA3"", ""CD28"")"
"80","7584",NA,NA,"GOBP_T_CELL_DIFFERENTIATION_IN_THYMUS","GO:0033077","The process in which a precursor cell type acquires the specialized features of a T cell via a differentiation pathway dependent upon transit through the thymus. [GOC:add, ISBN:0781735149]","1.29111793724898e-11","3.50592316543816e-09","0.875325132024659","0.645306479188795","2.44110924939288","61","c(""BCL11B"", ""CAMK4"", ""TOX"", ""RASGRP1"", ""IL7R"", ""PTPRC"", ""CARD11"", ""TESPA1"", ""ZAP70"", ""ZEB1"", ""GATA3"", ""CD28"", ""ADA"", ""BCL2"", ""SOS1"", ""SOD1"", ""STAT5B"", ""RIPK3"", ""TMEM131L"", ""DNAJA3"")"
"81","7587",NA,NA,"GOBP_T_CELL_LINEAGE_COMMITMENT","GO:0002360","The process in which a lymphoid progenitor cell becomes committed to becoming any type of T cell. [GOC:add, ISBN:0781735149]","1.12763136032842e-07","1.70901711052565e-05","0.704975715167238","0.763787261151469","2.50371680679119","20","c(""TOX"", ""SLAMF6"", ""LY9"", ""BATF"", ""IRF4"", ""BCL2"", ""ZFPM1"", ""SPN"")"
"82","7592",NA,NA,"GOBP_T_CELL_RECEPTOR_SIGNALING_PATHWAY","GO:0050852","A series of molecular signals initiated by the cross-linking of an antigen receptor on a T cell. [GOC:add]","1.29504944688956e-22","3.7376421165978e-19","1.22950405660873","0.665876008128391","2.67643570101597","113","c(""CBLB"", ""THEMIS"", ""FYN"", ""SKAP1"", ""ITK"", ""CD247"", ""TRAT1"", ""PTPRC"", ""LCK"", ""CARD11"", ""TESPA1"", ""ZAP70"", ""SLA2"", ""CD8A"", ""BTN3A1"", ""TXK"", ""UBASH3A"", ""CD226"", ""GATA3"", ""BTN3A2"", ""PIK3CD"", ""CD28"", ""PLCG1"", ""CD8B"", ""RFTN1"", ""PTPN22"", ""ADA"", ""MAPK1"")"
"83","7593",NA,NA,"GOBP_T_CELL_SELECTION","GO:0045058","The process in which T cells that express T cell receptors that are restricted by self MHC protein complexes and tolerant to self antigens are selected for further maturation. [ISBN:0781735149, PMID:12414722]","1.68486217473984e-13","6.10013710709975e-11","0.943632225232838","0.765874092473287","2.73529735235609","37","c(""BCL11B"", ""THEMIS"", ""TOX"", ""SLAMF6"", ""PTPRC"", ""CARD11"", ""ZAP70"", ""LY9"", ""GATA3"", ""BATF"", ""CD28"", ""IRF4"", ""BCL2"", ""ZFPM1"", ""SPN"")"
"84","7594",NA,NA,"GOBP_T_CELL_TOLERANCE_INDUCTION","GO:0002517","A process involving any mechanism for tolerance induction in T cells. [GOC:jal, ISBN:0781735149, PMID:16551263]","6.93762578782546e-05","0.00551372039747055","0.538434096309916","0.796257530919986","2.33699301407343","10","c(""CBLB"", ""ICOS"", ""HLA-B"")"
"85","7604",NA,NA,"GOBP_T_HELPER_CELL_LINEAGE_COMMITMENT","GO:0002295","The process in which a CD4-positive, alpha-beta T cell becomes committed to becoming a T-helper cell, a CD4-positive, alpha-beta T cell specialized to promote various immunological processes. [GOC:add, ISBN:0781735149]","4.34977066829922e-05","0.00372992834806658","0.557332238758646","0.74055548280897","2.28103109557348","13","c(""SLAMF6"", ""LY9"", ""BATF"", ""IRF4"", ""ZFPM1"", ""SPN"")"
"86","8073",NA,NA,"GOCC_EXTERNAL_SIDE_OF_PLASMA_MEMBRANE","GO:0009897","The leaflet of the plasma membrane that faces away from the cytoplasm and any proteins embedded or anchored in it or attached to its surface. [GOC:dos, GOC:tb]","5.8095838185476e-05","0.00467420465993515","0.557332238758646","0.352578611249947","1.49390329656207","260","c(""SLC38A1"", ""SLAMF6"", ""CD2"", ""KLRK1"", ""IL7R"", ""CD69"", ""CD6"", ""PTPRC"", ""ITGA4"", ""LY9"", ""CLEC2D"", ""SLAMF1"", ""CD8A"", ""BTN3A1"", ""CD226"", ""BTN3A2"", ""ITGA1"", ""ITGAL"", ""SLAMF7"", ""CD28"", ""CXCR4"", ""IL2RG"", ""ADA"", ""HLA-E"", ""ITGB1"", ""IL2RB"", ""CLEC2B"", ""CD244"", ""HLA-F"", ""LY75"", ""KLRD1"", ""HEG1"", ""IL21R"", ""CLEC17A"", ""IL31RA"", ""SPN"", ""CLEC19A"", ""IL11RA"", ""FAS"", ""ECE1"", ""TGFBR3"", ""ACKR4"", ""BCAM"", ""SCNN1G"", ""ITGA6"", ""CLEC6A"", ""IL5RA"", ""CCR5"", ""CD48"", ""STAB2"", ""TNF"")"
"87","8168",NA,NA,"GOCC_IMMUNOLOGICAL_SYNAPSE","GO:0001772","An area of close contact between a lymphocyte (T-, B-, or natural killer cell) and a target cell formed through the clustering of particular signaling and adhesion molecules and their associated membrane rafts on both the lymphocyte and the target cell and facilitating activation of the lymphocyte, transfer of membrane from the target cell to the lymphocyte, and in some situations killing of the target cell through release of secretory granules and/or death-pathway ligand-receptor interaction. [GOC:mgi_curators, PMID:11244041, PMID:11376300]","4.51322428809799e-08","7.33969200602504e-06","0.719512826338911","0.652740717864259","2.35628493936044","40","c(""SKAP1"", ""RHOH"", ""CD6"", ""LCK"", ""PRKCQ"", ""CARD11"", ""ZAP70"", ""CD28"", ""CRACR2A"", ""MYH9"", ""DLG1"", ""CRTAM"")"
"88","8575",NA,NA,"GOCC_SIDE_OF_MEMBRANE","GO:0098552","A cellular component consisting of one leaflet of a membrane bilayer and any proteins embedded or anchored in it or attached to its surface. [GOC:dos]","1.34076372312763e-05","0.00128496429170923","0.593325476396405","0.329802661246302","1.42432327485457","442","c(""SLC38A1"", ""FYN"", ""SLAMF6"", ""CD2"", ""PTPN4"", ""KLRK1"", ""IL7R"", ""CD69"", ""CD6"", ""PTPRC"", ""LCK"", ""ZAP70"", ""ITGA4"", ""LY9"", ""CLEC2D"", ""SLAMF1"", ""CD8A"", ""BTN3A1"", ""CD226"", ""BTN3A2"", ""ITGA1"", ""GNAO1"", ""GNB5"", ""ITGAL"", ""SLAMF7"", ""CD28"", ""CXCR4"", ""TRAF5"", ""IL2RG"", ""YES1"", ""LDLRAP1"", ""PTPN22"", ""ADA"", ""BLK"", ""HLA-E"", ""GNG2"", ""ITGB1"", ""IL2RB"", ""STYK1"", ""CLEC2B"", ""CD244"", ""MYH9"", ""HLA-F"", ""CYLD"", ""PTPN7"", ""ATP2C2"", ""RASA3"", ""PPP3CA"", ""RASAL3"", ""LY75"", ""KLRD1"", ""HEG1"", ""TRAF1"", ""DLG1"", ""HLA-B"", ""IL21R"", ""CLEC17A""
)"
"89","8678",NA,NA,"GOCC_T_CELL_RECEPTOR_COMPLEX","GO:0042101","A protein complex that contains a disulfide-linked heterodimer of T cell receptor (TCR) chains, which are members of the immunoglobulin superfamily, and mediates antigen recognition, ultimately resulting in T cell activation. The TCR heterodimer is associated with the CD3 complex, which consists of the nonpolymorphic polypeptides gamma, delta, epsilon, zeta, and, in some cases, eta (an RNA splice variant of zeta) or Fc epsilon chains. [GOC:mah, ISBN:0781735149]","1.94962412048976e-07","2.82348897627372e-05","0.690132458796796","0.891538185802656","2.61663900320445","10","c(""SKAP1"", ""CD247"", ""TRAT1"", ""ZAP70"", ""CD8A"", ""CD8B"")"
"90","9498",NA,NA,"GOMF_LIPASE_ACTIVATOR_ACTIVITY","GO:0060229","Binds to and increases the activity of a lipase, an enzyme that catalyzes of the hydrolysis of a lipid. [GOC:BHF, GOC:dph, GOC:tb]","0.000132636010205156","0.00939553128811957","0.518848077743792","0.710396776724545","2.21317344520504","14","c(""FYN"", ""LCK"", ""CCL5"", ""APOH"", ""CASP3"")"
"91","9694",NA,NA,"GOMF_NON_MEMBRANE_SPANNING_PROTEIN_TYROSINE_KINASE_ACTIVITY","GO:0004715","Catalysis of the reaction: ATP + protein L-tyrosine = ADP + protein L-tyrosine phosphate by a non-membrane spanning protein. [EC:2.7.10.2]","6.87825982753888e-06","0.000700400301501107","0.610526878385931","0.567109673208343","2.0705793674233","43","c(""FYN"", ""ITK"", ""LCK"", ""ZAP70"", ""TXK"", ""JAK1"", ""YES1"", ""BLK"", ""STYK1"", ""MATK"")"
"92","10012",NA,NA,"GOMF_PROTEIN_SERINE_THREONINE_TYROSINE_KINASE_ACTIVITY","GO:0004712","Catalysis of the reactions: ATP + a protein serine = ADP + protein serine phosphate; ATP + a protein threonine = ADP + protein threonine phosphate; and ATP + a protein tyrosine = ADP + protein tyrosine phosphate. [GOC:mah]","7.27603927567627e-05","0.00564499380471217","0.538434096309916","0.320109774878563","1.38011564137431","412","c(""FYN"", ""ITK"", ""CAMK4"", ""STK17A"", ""PRKCH"", ""CASK"", ""STK4"", ""TNIK"", ""LCK"", ""PRKCQ"", ""ZAP70"", ""STK17B"", ""CDK17"", ""TXK"", ""ERN1"", ""MAP2K6"", ""MAP4K1"", ""SIK3"", ""JAK1"", ""STK38"", ""CSNK1G3"", ""NEK7"", ""AKT3"", ""PRKCZ"", ""YES1"", ""RPS6KA3"", ""BLK"", ""TLK1"", ""SNRK"", ""STYK1"", ""DYRK2"", ""PRKACB"", ""MAPK1"", ""OBSCN"", ""MATK"", ""NTRK1"", ""DAPK2"", ""FLT4"", ""RPS6KA5"", ""CAMK2D"", ""STK26"", ""AAK1"", ""PIK3CG"", ""BCR"", ""WNK1"")"
